<?xml version="1.0" encoding="UTF-8"?>
<con:soapui-project id="c338f0a6-ffa0-4311-ba4e-0792f78983b2" activeEnvironment="Default" name="Currencyconverter" resourceRoot="" soapui-version="5.3.0" xmlns:con="http://eviware.com/soapui/config"><con:settings/><con:interface xsi:type="con:WsdlInterface" id="fcce6fd9-fbc4-4fef-8573-568549062d8c" wsaVersion="NONE" name="ExchangeRatesSoap" type="wsdl" bindingName="{http://webservices.lb.lt/ExchangeRates}ExchangeRatesSoap" soapVersion="1_1" anonymous="optional" definition="https://www.lb.lt/webservices/ExchangeRates/ExchangeRates.asmx?WSDL" xmlns:xsi="http://www.w3.org/2001/XMLSchema-instance"><con:settings/><con:definitionCache/><con:endpoints><con:endpoint>https://old.lb.lt/webservices/ExchangeRates/ExchangeRates.asmx</con:endpoint></con:endpoints><con:operation id="17dbd3fb-42b8-4e82-aff4-5e678c8e46c5" isOneWay="false" action="http://webservices.lb.lt/ExchangeRates/getCurrentExchangeRate" name="getCurrentExchangeRate" bindingOperationName="getCurrentExchangeRate" type="Request-Response" inputName="" receivesAttachments="false" sendsAttachments="false" anonymous="optional"><con:settings/><con:call id="1ad256c3-b93d-45a7-b8e6-09451242099a" name="Request 1"><con:settings/><con:encoding>UTF-8</con:encoding><con:endpoint>https://old.lb.lt/webservices/ExchangeRates/ExchangeRates.asmx</con:endpoint><con:request><![CDATA[<soapenv:Envelope xmlns:soapenv="http://schemas.xmlsoap.org/soap/envelope/" xmlns:exc="http://webservices.lb.lt/ExchangeRates">\r
   <soapenv:Header/>\r
   <soapenv:Body>\r
      <exc:getCurrentExchangeRate>\r
         <!--Optional:-->\r
         <exc:Currency>?</exc:Currency>\r
      </exc:getCurrentExchangeRate>\r
   </soapenv:Body>\r
</soapenv:Envelope>]]></con:request><con:credentials><con:authType>No Authorization</con:authType></con:credentials><con:jmsConfig JMSDeliveryMode="PERSISTENT"/><con:jmsPropertyConfig/><con:wsaConfig mustUnderstand="NONE" version="200508" action="http://webservices.lb.lt/ExchangeRates/getCurrentExchangeRate"/><con:wsrmConfig version="1.2"/></con:call></con:operation><con:operation id="54944c69-d14c-4797-acb9-bbdd8d8b338d" isOneWay="false" action="http://webservices.lb.lt/ExchangeRates/getExchangeAvgRate" name="getExchangeAvgRate" bindingOperationName="getExchangeAvgRate" type="Request-Response" inputName="" receivesAttachments="false" sendsAttachments="false" anonymous="optional"><con:settings/><con:call id="82f0b682-5f4d-42f5-8bad-452e346513a8" name="Request 1"><con:settings/><con:encoding>UTF-8</con:encoding><con:endpoint>https://old.lb.lt/webservices/ExchangeRates/ExchangeRates.asmx</con:endpoint><con:request><![CDATA[<soapenv:Envelope xmlns:soapenv="http://schemas.xmlsoap.org/soap/envelope/" xmlns:exc="http://webservices.lb.lt/ExchangeRates">\r
   <soapenv:Header/>\r
   <soapenv:Body>\r
      <exc:getExchangeAvgRate>\r
         <!--Optional:-->\r
         <exc:Currency>?</exc:Currency>\r
         <!--Optional:-->\r
         <exc:DateLow>?</exc:DateLow>\r
         <!--Optional:-->\r
         <exc:DateHigh>?</exc:DateHigh>\r
      </exc:getExchangeAvgRate>\r
   </soapenv:Body>\r
</soapenv:Envelope>]]></con:request><con:credentials><con:authType>No Authorization</con:authType></con:credentials><con:jmsConfig JMSDeliveryMode="PERSISTENT"/><con:jmsPropertyConfig/><con:wsaConfig mustUnderstand="NONE" version="200508" action="http://webservices.lb.lt/ExchangeRates/getExchangeAvgRate"/><con:wsrmConfig version="1.2"/></con:call></con:operation><con:operation id="705f5e55-43c1-419c-8e52-f1a8c9ccbaa0" isOneWay="false" action="http://webservices.lb.lt/ExchangeRates/getExchangeRate" name="getExchangeRate" bindingOperationName="getExchangeRate" type="Request-Response" inputName="" receivesAttachments="false" sendsAttachments="false" anonymous="optional"><con:settings/><con:call id="5db0f16c-6725-4c52-971f-ddf43ec907f4" name="Request 1"><con:settings/><con:encoding>UTF-8</con:encoding><con:endpoint>https://old.lb.lt/webservices/ExchangeRates/ExchangeRates.asmx</con:endpoint><con:request><![CDATA[<soapenv:Envelope xmlns:soapenv="http://schemas.xmlsoap.org/soap/envelope/" xmlns:exc="http://webservices.lb.lt/ExchangeRates">\r
   <soapenv:Header/>\r
   <soapenv:Body>\r
      <exc:getExchangeRate>\r
         <!--Optional:-->\r
         <exc:Currency>?</exc:Currency>\r
         <!--Optional:-->\r
         <exc:Date>?</exc:Date>\r
      </exc:getExchangeRate>\r
   </soapenv:Body>\r
</soapenv:Envelope>]]></con:request><con:credentials><con:authType>No Authorization</con:authType></con:credentials><con:jmsConfig JMSDeliveryMode="PERSISTENT"/><con:jmsPropertyConfig/><con:wsaConfig mustUnderstand="NONE" version="200508" action="http://webservices.lb.lt/ExchangeRates/getExchangeRate"/><con:wsrmConfig version="1.2"/></con:call></con:operation><con:operation id="64988bff-7783-4e07-ade2-fed3522e5148" isOneWay="false" action="http://webservices.lb.lt/ExchangeRates/getExchangeRatesByCurrency" name="getExchangeRatesByCurrency" bindingOperationName="getExchangeRatesByCurrency" type="Request-Response" inputName="" receivesAttachments="false" sendsAttachments="false" anonymous="optional"><con:settings/><con:call id="200b9244-29f0-4fdd-a62d-1179b7ef5a2e" name="Request 1"><con:settings/><con:encoding>UTF-8</con:encoding><con:endpoint>https://old.lb.lt/webservices/ExchangeRates/ExchangeRates.asmx</con:endpoint><con:request><![CDATA[<soapenv:Envelope xmlns:soapenv="http://schemas.xmlsoap.org/soap/envelope/" xmlns:exc="http://webservices.lb.lt/ExchangeRates">\r
   <soapenv:Header/>\r
   <soapenv:Body>\r
      <exc:getExchangeRatesByCurrency>\r
         <!--Optional:-->\r
         <exc:Currency>?</exc:Currency>\r
         <!--Optional:-->\r
         <exc:DateLow>?</exc:DateLow>\r
         <!--Optional:-->\r
         <exc:DateHigh>?</exc:DateHigh>\r
      </exc:getExchangeRatesByCurrency>\r
   </soapenv:Body>\r
</soapenv:Envelope>]]></con:request><con:wsaConfig mustUnderstand="NONE" version="200508" action="http://webservices.lb.lt/ExchangeRates/getExchangeRatesByCurrency"/></con:call></con:operation><con:operation id="46d4f7bb-b948-4dbd-a74b-23a723aed807" isOneWay="false" action="http://webservices.lb.lt/ExchangeRates/getExchangeRatesByCurrency_XmlString" name="getExchangeRatesByCurrency_XmlString" bindingOperationName="getExchangeRatesByCurrency_XmlString" type="Request-Response" inputName="" receivesAttachments="false" sendsAttachments="false" anonymous="optional"><con:settings/><con:call id="f0c6489c-8136-4eb2-aa19-164f6d0556fa" name="Request 1"><con:settings/><con:encoding>UTF-8</con:encoding><con:endpoint>https://old.lb.lt/webservices/ExchangeRates/ExchangeRates.asmx</con:endpoint><con:request><![CDATA[<soapenv:Envelope xmlns:soapenv="http://schemas.xmlsoap.org/soap/envelope/" xmlns:exc="http://webservices.lb.lt/ExchangeRates">\r
   <soapenv:Header/>\r
   <soapenv:Body>\r
      <exc:getExchangeRatesByCurrency_XmlString>\r
         <!--Optional:-->\r
         <exc:Currency>?</exc:Currency>\r
         <!--Optional:-->\r
         <exc:DateLow>?</exc:DateLow>\r
         <!--Optional:-->\r
         <exc:DateHigh>?</exc:DateHigh>\r
      </exc:getExchangeRatesByCurrency_XmlString>\r
   </soapenv:Body>\r
</soapenv:Envelope>]]></con:request><con:credentials><con:authType>No Authorization</con:authType></con:credentials><con:jmsConfig JMSDeliveryMode="PERSISTENT"/><con:jmsPropertyConfig/><con:wsaConfig mustUnderstand="NONE" version="200508" action="http://webservices.lb.lt/ExchangeRates/getExchangeRatesByCurrency_XmlString"/><con:wsrmConfig version="1.2"/></con:call></con:operation><con:operation id="5bc727ef-549a-48d2-a27c-88a8d41833ea" isOneWay="false" action="http://webservices.lb.lt/ExchangeRates/getExchangeRatesByDate" name="getExchangeRatesByDate" bindingOperationName="getExchangeRatesByDate" type="Request-Response" inputName="" receivesAttachments="false" sendsAttachments="false" anonymous="optional"><con:settings/><con:call id="dcc5a469-7601-4976-95c6-220a975aef25" name="Request 1"><con:settings/><con:encoding>UTF-8</con:encoding><con:endpoint>https://old.lb.lt/webservices/ExchangeRates/ExchangeRates.asmx</con:endpoint><con:request><![CDATA[<soapenv:Envelope xmlns:soapenv="http://schemas.xmlsoap.org/soap/envelope/" xmlns:exc="http://webservices.lb.lt/ExchangeRates">\r
   <soapenv:Header/>\r
   <soapenv:Body>\r
      <exc:getExchangeRatesByDate>\r
         <!--Optional:-->\r
         <exc:Date>?</exc:Date>\r
      </exc:getExchangeRatesByDate>\r
   </soapenv:Body>\r
</soapenv:Envelope>]]></con:request><con:credentials><con:authType>No Authorization</con:authType></con:credentials><con:jmsConfig JMSDeliveryMode="PERSISTENT"/><con:jmsPropertyConfig/><con:wsaConfig mustUnderstand="NONE" version="200508" action="http://webservices.lb.lt/ExchangeRates/getExchangeRatesByDate"/><con:wsrmConfig version="1.2"/></con:call></con:operation><con:operation id="7d10d50f-c859-406a-8e37-711d0291f52d" isOneWay="false" action="http://webservices.lb.lt/ExchangeRates/getExchangeRatesByDate_XmlString" name="getExchangeRatesByDate_XmlString" bindingOperationName="getExchangeRatesByDate_XmlString" type="Request-Response" inputName="" receivesAttachments="false" sendsAttachments="false" anonymous="optional"><con:settings/><con:call id="fb9abf9a-530e-49bf-8b74-2618dd4e16b5" name="Request 1"><con:settings/><con:encoding>UTF-8</con:encoding><con:endpoint>https://old.lb.lt/webservices/ExchangeRates/ExchangeRates.asmx</con:endpoint><con:request><![CDATA[<soapenv:Envelope xmlns:soapenv="http://schemas.xmlsoap.org/soap/envelope/" xmlns:exc="http://webservices.lb.lt/ExchangeRates">\r
   <soapenv:Header/>\r
   <soapenv:Body>\r
      <exc:getExchangeRatesByDate_XmlString>\r
         <!--Optional:-->\r
         <exc:Date>?</exc:Date>\r
      </exc:getExchangeRatesByDate_XmlString>\r
   </soapenv:Body>\r
</soapenv:Envelope>]]></con:request><con:wsaConfig mustUnderstand="NONE" version="200508" action="http://webservices.lb.lt/ExchangeRates/getExchangeRatesByDate_XmlString"/></con:call></con:operation><con:operation id="4b359e0e-cd30-41d3-bd18-cc3f9b1f23d9" isOneWay="false" action="http://webservices.lb.lt/ExchangeRates/getExchangeRatesXmlSchema" name="getExchangeRatesXmlSchema" bindingOperationName="getExchangeRatesXmlSchema" type="Request-Response" inputName="" receivesAttachments="false" sendsAttachments="false" anonymous="optional"><con:settings/><con:call id="1f7e8631-f3cc-4a90-9020-86ec3785810b" name="Request 1"><con:settings/><con:encoding>UTF-8</con:encoding><con:endpoint>https://old.lb.lt/webservices/ExchangeRates/ExchangeRates.asmx</con:endpoint><con:request><![CDATA[<soapenv:Envelope xmlns:soapenv="http://schemas.xmlsoap.org/soap/envelope/" xmlns:exc="http://webservices.lb.lt/ExchangeRates">\r
   <soapenv:Header/>\r
   <soapenv:Body>\r
      <exc:getExchangeRatesXmlSchema/>\r
   </soapenv:Body>\r
</soapenv:Envelope>]]></con:request><con:credentials><con:authType>No Authorization</con:authType></con:credentials><con:jmsConfig JMSDeliveryMode="PERSISTENT"/><con:jmsPropertyConfig/><con:wsaConfig mustUnderstand="NONE" version="200508" action="http://webservices.lb.lt/ExchangeRates/getExchangeRatesXmlSchema"/><con:wsrmConfig version="1.2"/></con:call></con:operation><con:operation id="ebbd4a38-0243-4846-995c-fafd21c8cc2c" isOneWay="false" action="http://webservices.lb.lt/ExchangeRates/getListOfCurrencies" name="getListOfCurrencies" bindingOperationName="getListOfCurrencies" type="Request-Response" inputName="" receivesAttachments="false" sendsAttachments="false" anonymous="optional"><con:settings/><con:call id="7e0f883a-87c7-471c-837b-c492254801cf" name="Request 1"><con:settings/><con:encoding>UTF-8</con:encoding><con:endpoint>https://old.lb.lt/webservices/ExchangeRates/ExchangeRates.asmx</con:endpoint><con:request><![CDATA[<soapenv:Envelope xmlns:soapenv="http://schemas.xmlsoap.org/soap/envelope/" xmlns:exc="http://webservices.lb.lt/ExchangeRates">\r
   <soapenv:Header/>\r
   <soapenv:Body>\r
      <exc:getListOfCurrencies/>\r
   </soapenv:Body>\r
</soapenv:Envelope>]]></con:request><con:wsaConfig mustUnderstand="NONE" version="200508" action="http://webservices.lb.lt/ExchangeRates/getListOfCurrencies"/></con:call></con:operation></con:interface><con:interface xsi:type="con:WsdlInterface" id="70543b56-191e-4fb4-a170-fe8172de8220" wsaVersion="NONE" name="ExchangeRatesSoap12" type="wsdl" bindingName="{http://webservices.lb.lt/ExchangeRates}ExchangeRatesSoap12" soapVersion="1_2" anonymous="optional" definition="https://www.lb.lt/webservices/ExchangeRates/ExchangeRates.asmx?WSDL" xmlns:xsi="http://www.w3.org/2001/XMLSchema-instance"><con:settings/><con:definitionCache type="TEXT" rootPart="https://www.lb.lt/webservices/ExchangeRates/ExchangeRates.asmx?WSDL"><con:part><con:url>https://www.lb.lt/webservices/ExchangeRates/ExchangeRates.asmx?WSDL</con:url><con:content><![CDATA[<wsdl:definitions targetNamespace="http://webservices.lb.lt/ExchangeRates" xmlns:s="http://www.w3.org/2001/XMLSchema" xmlns:soap12="http://schemas.xmlsoap.org/wsdl/soap12/" xmlns:mime="http://schemas.xmlsoap.org/wsdl/mime/" xmlns:tns="http://webservices.lb.lt/ExchangeRates" xmlns:soap="http://schemas.xmlsoap.org/wsdl/soap/" xmlns:tm="http://microsoft.com/wsdl/mime/textMatching/" xmlns:http="http://schemas.xmlsoap.org/wsdl/http/" xmlns:soapenc="http://schemas.xmlsoap.org/soap/encoding/" xmlns:wsdl="http://schemas.xmlsoap.org/wsdl/">
  <wsdl:documentation>WebService provides official (established by Bank of Lithuania) exchange rates of the Litas against Foreign Currencies.</wsdl:documentation>
  <wsdl:types>
    <s:schema elementFormDefault="qualified" targetNamespace="http://webservices.lb.lt/ExchangeRates">
      <s:element name="getListOfCurrencies">
        <s:complexType/>
      </s:element>
      <s:element name="getListOfCurrenciesResponse">
        <s:complexType>
          <s:sequence>
            <s:element minOccurs="0" maxOccurs="1" name="getListOfCurrenciesResult">
              <s:complexType mixed="true">
                <s:sequence>
                  <s:any/>
                </s:sequence>
              </s:complexType>
            </s:element>
          </s:sequence>
        </s:complexType>
      </s:element>
      <s:element name="getCurrentExchangeRate">
        <s:complexType>
          <s:sequence>
            <s:element minOccurs="0" maxOccurs="1" name="Currency" type="s:string"/>
          </s:sequence>
        </s:complexType>
      </s:element>
      <s:element name="getCurrentExchangeRateResponse">
        <s:complexType>
          <s:sequence>
            <s:element minOccurs="1" maxOccurs="1" name="getCurrentExchangeRateResult" type="s:decimal"/>
          </s:sequence>
        </s:complexType>
      </s:element>
      <s:element name="getExchangeRate">
        <s:complexType>
          <s:sequence>
            <s:element minOccurs="0" maxOccurs="1" name="Currency" type="s:string"/>
            <s:element minOccurs="0" maxOccurs="1" name="Date" type="s:string"/>
          </s:sequence>
        </s:complexType>
      </s:element>
      <s:element name="getExchangeRateResponse">
        <s:complexType>
          <s:sequence>
            <s:element minOccurs="1" maxOccurs="1" name="getExchangeRateResult" type="s:decimal"/>
          </s:sequence>
        </s:complexType>
      </s:element>
      <s:element name="getExchangeRatesByDate_XmlString">
        <s:complexType>
          <s:sequence>
            <s:element minOccurs="0" maxOccurs="1" name="Date" type="s:string"/>
          </s:sequence>
        </s:complexType>
      </s:element>
      <s:element name="getExchangeRatesByDate_XmlStringResponse">
        <s:complexType>
          <s:sequence>
            <s:element minOccurs="0" maxOccurs="1" name="getExchangeRatesByDate_XmlStringResult" type="s:string"/>
          </s:sequence>
        </s:complexType>
      </s:element>
      <s:element name="getExchangeRatesByCurrency_XmlString">
        <s:complexType>
          <s:sequence>
            <s:element minOccurs="0" maxOccurs="1" name="Currency" type="s:string"/>
            <s:element minOccurs="0" maxOccurs="1" name="DateLow" type="s:string"/>
            <s:element minOccurs="0" maxOccurs="1" name="DateHigh" type="s:string"/>
          </s:sequence>
        </s:complexType>
      </s:element>
      <s:element name="getExchangeRatesByCurrency_XmlStringResponse">
        <s:complexType>
          <s:sequence>
            <s:element minOccurs="0" maxOccurs="1" name="getExchangeRatesByCurrency_XmlStringResult" type="s:string"/>
          </s:sequence>
        </s:complexType>
      </s:element>
      <s:element name="getExchangeRatesByDate">
        <s:complexType>
          <s:sequence>
            <s:element minOccurs="0" maxOccurs="1" name="Date" type="s:string"/>
          </s:sequence>
        </s:complexType>
      </s:element>
      <s:element name="getExchangeRatesByDateResponse">
        <s:complexType>
          <s:sequence>
            <s:element minOccurs="0" maxOccurs="1" name="getExchangeRatesByDateResult">
              <s:complexType mixed="true">
                <s:sequence>
                  <s:any/>
                </s:sequence>
              </s:complexType>
            </s:element>
          </s:sequence>
        </s:complexType>
      </s:element>
      <s:element name="getExchangeRatesXmlSchema">
        <s:complexType/>
      </s:element>
      <s:element name="getExchangeRatesXmlSchemaResponse">
        <s:complexType>
          <s:sequence>
            <s:element minOccurs="0" maxOccurs="1" name="getExchangeRatesXmlSchemaResult" type="s:string"/>
          </s:sequence>
        </s:complexType>
      </s:element>
      <s:element name="getExchangeRatesByCurrency">
        <s:complexType>
          <s:sequence>
            <s:element minOccurs="0" maxOccurs="1" name="Currency" type="s:string"/>
            <s:element minOccurs="0" maxOccurs="1" name="DateLow" type="s:string"/>
            <s:element minOccurs="0" maxOccurs="1" name="DateHigh" type="s:string"/>
          </s:sequence>
        </s:complexType>
      </s:element>
      <s:element name="getExchangeRatesByCurrencyResponse">
        <s:complexType>
          <s:sequence>
            <s:element minOccurs="0" maxOccurs="1" name="getExchangeRatesByCurrencyResult">
              <s:complexType mixed="true">
                <s:sequence>
                  <s:any/>
                </s:sequence>
              </s:complexType>
            </s:element>
          </s:sequence>
        </s:complexType>
      </s:element>
      <s:element name="getExchangeAvgRate">
        <s:complexType>
          <s:sequence>
            <s:element minOccurs="0" maxOccurs="1" name="Currency" type="s:string"/>
            <s:element minOccurs="0" maxOccurs="1" name="DateLow" type="s:string"/>
            <s:element minOccurs="0" maxOccurs="1" name="DateHigh" type="s:string"/>
          </s:sequence>
        </s:complexType>
      </s:element>
      <s:element name="getExchangeAvgRateResponse">
        <s:complexType>
          <s:sequence>
            <s:element minOccurs="0" maxOccurs="1" name="getExchangeAvgRateResult">
              <s:complexType mixed="true">
                <s:sequence>
                  <s:any/>
                </s:sequence>
              </s:complexType>
            </s:element>
          </s:sequence>
        </s:complexType>
      </s:element>
      <s:element name="decimal" type="s:decimal"/>
      <s:element name="string" nillable="true" type="s:string"/>
    </s:schema>
  </wsdl:types>
  <wsdl:message name="getListOfCurrenciesSoapIn">
    <wsdl:part name="parameters" element="tns:getListOfCurrencies"/>
  </wsdl:message>
  <wsdl:message name="getListOfCurrenciesSoapOut">
    <wsdl:part name="parameters" element="tns:getListOfCurrenciesResponse"/>
  </wsdl:message>
  <wsdl:message name="getCurrentExchangeRateSoapIn">
    <wsdl:part name="parameters" element="tns:getCurrentExchangeRate"/>
  </wsdl:message>
  <wsdl:message name="getCurrentExchangeRateSoapOut">
    <wsdl:part name="parameters" element="tns:getCurrentExchangeRateResponse"/>
  </wsdl:message>
  <wsdl:message name="getExchangeRateSoapIn">
    <wsdl:part name="parameters" element="tns:getExchangeRate"/>
  </wsdl:message>
  <wsdl:message name="getExchangeRateSoapOut">
    <wsdl:part name="parameters" element="tns:getExchangeRateResponse"/>
  </wsdl:message>
  <wsdl:message name="getExchangeRatesByDate_XmlStringSoapIn">
    <wsdl:part name="parameters" element="tns:getExchangeRatesByDate_XmlString"/>
  </wsdl:message>
  <wsdl:message name="getExchangeRatesByDate_XmlStringSoapOut">
    <wsdl:part name="parameters" element="tns:getExchangeRatesByDate_XmlStringResponse"/>
  </wsdl:message>
  <wsdl:message name="getExchangeRatesByCurrency_XmlStringSoapIn">
    <wsdl:part name="parameters" element="tns:getExchangeRatesByCurrency_XmlString"/>
  </wsdl:message>
  <wsdl:message name="getExchangeRatesByCurrency_XmlStringSoapOut">
    <wsdl:part name="parameters" element="tns:getExchangeRatesByCurrency_XmlStringResponse"/>
  </wsdl:message>
  <wsdl:message name="getExchangeRatesByDateSoapIn">
    <wsdl:part name="parameters" element="tns:getExchangeRatesByDate"/>
  </wsdl:message>
  <wsdl:message name="getExchangeRatesByDateSoapOut">
    <wsdl:part name="parameters" element="tns:getExchangeRatesByDateResponse"/>
  </wsdl:message>
  <wsdl:message name="getExchangeRatesXmlSchemaSoapIn">
    <wsdl:part name="parameters" element="tns:getExchangeRatesXmlSchema"/>
  </wsdl:message>
  <wsdl:message name="getExchangeRatesXmlSchemaSoapOut">
    <wsdl:part name="parameters" element="tns:getExchangeRatesXmlSchemaResponse"/>
  </wsdl:message>
  <wsdl:message name="getExchangeRatesByCurrencySoapIn">
    <wsdl:part name="parameters" element="tns:getExchangeRatesByCurrency"/>
  </wsdl:message>
  <wsdl:message name="getExchangeRatesByCurrencySoapOut">
    <wsdl:part name="parameters" element="tns:getExchangeRatesByCurrencyResponse"/>
  </wsdl:message>
  <wsdl:message name="getExchangeAvgRateSoapIn">
    <wsdl:part name="parameters" element="tns:getExchangeAvgRate"/>
  </wsdl:message>
  <wsdl:message name="getExchangeAvgRateSoapOut">
    <wsdl:part name="parameters" element="tns:getExchangeAvgRateResponse"/>
  </wsdl:message>
  <wsdl:message name="getListOfCurrenciesHttpGetIn"/>
  <wsdl:message name="getListOfCurrenciesHttpGetOut">
    <wsdl:part name="Body"/>
  </wsdl:message>
  <wsdl:message name="getCurrentExchangeRateHttpGetIn">
    <wsdl:part name="Currency" type="s:string"/>
  </wsdl:message>
  <wsdl:message name="getCurrentExchangeRateHttpGetOut">
    <wsdl:part name="Body" element="tns:decimal"/>
  </wsdl:message>
  <wsdl:message name="getExchangeRateHttpGetIn">
    <wsdl:part name="Currency" type="s:string"/>
    <wsdl:part name="Date" type="s:string"/>
  </wsdl:message>
  <wsdl:message name="getExchangeRateHttpGetOut">
    <wsdl:part name="Body" element="tns:decimal"/>
  </wsdl:message>
  <wsdl:message name="getExchangeRatesByDate_XmlStringHttpGetIn">
    <wsdl:part name="Date" type="s:string"/>
  </wsdl:message>
  <wsdl:message name="getExchangeRatesByDate_XmlStringHttpGetOut">
    <wsdl:part name="Body" element="tns:string"/>
  </wsdl:message>
  <wsdl:message name="getExchangeRatesByCurrency_XmlStringHttpGetIn">
    <wsdl:part name="Currency" type="s:string"/>
    <wsdl:part name="DateLow" type="s:string"/>
    <wsdl:part name="DateHigh" type="s:string"/>
  </wsdl:message>
  <wsdl:message name="getExchangeRatesByCurrency_XmlStringHttpGetOut">
    <wsdl:part name="Body" element="tns:string"/>
  </wsdl:message>
  <wsdl:message name="getExchangeRatesByDateHttpGetIn">
    <wsdl:part name="Date" type="s:string"/>
  </wsdl:message>
  <wsdl:message name="getExchangeRatesByDateHttpGetOut">
    <wsdl:part name="Body"/>
  </wsdl:message>
  <wsdl:message name="getExchangeRatesXmlSchemaHttpGetIn"/>
  <wsdl:message name="getExchangeRatesXmlSchemaHttpGetOut">
    <wsdl:part name="Body" element="tns:string"/>
  </wsdl:message>
  <wsdl:message name="getExchangeRatesByCurrencyHttpGetIn">
    <wsdl:part name="Currency" type="s:string"/>
    <wsdl:part name="DateLow" type="s:string"/>
    <wsdl:part name="DateHigh" type="s:string"/>
  </wsdl:message>
  <wsdl:message name="getExchangeRatesByCurrencyHttpGetOut">
    <wsdl:part name="Body"/>
  </wsdl:message>
  <wsdl:message name="getExchangeAvgRateHttpGetIn">
    <wsdl:part name="Currency" type="s:string"/>
    <wsdl:part name="DateLow" type="s:string"/>
    <wsdl:part name="DateHigh" type="s:string"/>
  </wsdl:message>
  <wsdl:message name="getExchangeAvgRateHttpGetOut">
    <wsdl:part name="Body"/>
  </wsdl:message>
  <wsdl:message name="getListOfCurrenciesHttpPostIn"/>
  <wsdl:message name="getListOfCurrenciesHttpPostOut">
    <wsdl:part name="Body"/>
  </wsdl:message>
  <wsdl:message name="getCurrentExchangeRateHttpPostIn">
    <wsdl:part name="Currency" type="s:string"/>
  </wsdl:message>
  <wsdl:message name="getCurrentExchangeRateHttpPostOut">
    <wsdl:part name="Body" element="tns:decimal"/>
  </wsdl:message>
  <wsdl:message name="getExchangeRateHttpPostIn">
    <wsdl:part name="Currency" type="s:string"/>
    <wsdl:part name="Date" type="s:string"/>
  </wsdl:message>
  <wsdl:message name="getExchangeRateHttpPostOut">
    <wsdl:part name="Body" element="tns:decimal"/>
  </wsdl:message>
  <wsdl:message name="getExchangeRatesByDate_XmlStringHttpPostIn">
    <wsdl:part name="Date" type="s:string"/>
  </wsdl:message>
  <wsdl:message name="getExchangeRatesByDate_XmlStringHttpPostOut">
    <wsdl:part name="Body" element="tns:string"/>
  </wsdl:message>
  <wsdl:message name="getExchangeRatesByCurrency_XmlStringHttpPostIn">
    <wsdl:part name="Currency" type="s:string"/>
    <wsdl:part name="DateLow" type="s:string"/>
    <wsdl:part name="DateHigh" type="s:string"/>
  </wsdl:message>
  <wsdl:message name="getExchangeRatesByCurrency_XmlStringHttpPostOut">
    <wsdl:part name="Body" element="tns:string"/>
  </wsdl:message>
  <wsdl:message name="getExchangeRatesByDateHttpPostIn">
    <wsdl:part name="Date" type="s:string"/>
  </wsdl:message>
  <wsdl:message name="getExchangeRatesByDateHttpPostOut">
    <wsdl:part name="Body"/>
  </wsdl:message>
  <wsdl:message name="getExchangeRatesXmlSchemaHttpPostIn"/>
  <wsdl:message name="getExchangeRatesXmlSchemaHttpPostOut">
    <wsdl:part name="Body" element="tns:string"/>
  </wsdl:message>
  <wsdl:message name="getExchangeRatesByCurrencyHttpPostIn">
    <wsdl:part name="Currency" type="s:string"/>
    <wsdl:part name="DateLow" type="s:string"/>
    <wsdl:part name="DateHigh" type="s:string"/>
  </wsdl:message>
  <wsdl:message name="getExchangeRatesByCurrencyHttpPostOut">
    <wsdl:part name="Body"/>
  </wsdl:message>
  <wsdl:message name="getExchangeAvgRateHttpPostIn">
    <wsdl:part name="Currency" type="s:string"/>
    <wsdl:part name="DateLow" type="s:string"/>
    <wsdl:part name="DateHigh" type="s:string"/>
  </wsdl:message>
  <wsdl:message name="getExchangeAvgRateHttpPostOut">
    <wsdl:part name="Body"/>
  </wsdl:message>
  <wsdl:portType name="ExchangeRatesSoap">
    <wsdl:operation name="getListOfCurrencies">
      <wsdl:documentation>Returns a list of currencies.</wsdl:documentation>
      <wsdl:input message="tns:getListOfCurrenciesSoapIn"/>
      <wsdl:output message="tns:getListOfCurrenciesSoapOut"/>
    </wsdl:operation>
    <wsdl:operation name="getCurrentExchangeRate">
      <wsdl:documentation>Returns the current exchange rate (expressed in Litas per 1 currency unit) for the specified currency.</wsdl:documentation>
      <wsdl:input message="tns:getCurrentExchangeRateSoapIn"/>
      <wsdl:output message="tns:getCurrentExchangeRateSoapOut"/>
    </wsdl:operation>
    <wsdl:operation name="getExchangeRate">
      <wsdl:documentation>Returns an exchange rate (expressed in Litas per 1 currency unit) for the specified currency and date.</wsdl:documentation>
      <wsdl:input message="tns:getExchangeRateSoapIn"/>
      <wsdl:output message="tns:getExchangeRateSoapOut"/>
    </wsdl:operation>
    <wsdl:operation name="getExchangeRatesByDate_XmlString">
      <wsdl:documentation>Returns a XML formatted string containing exchange rates for the specified date.</wsdl:documentation>
      <wsdl:input message="tns:getExchangeRatesByDate_XmlStringSoapIn"/>
      <wsdl:output message="tns:getExchangeRatesByDate_XmlStringSoapOut"/>
    </wsdl:operation>
    <wsdl:operation name="getExchangeRatesByCurrency_XmlString">
      <wsdl:documentation>Returns a XML formatted string containing exchange rates for the specified currency that are between specified dates.</wsdl:documentation>
      <wsdl:input message="tns:getExchangeRatesByCurrency_XmlStringSoapIn"/>
      <wsdl:output message="tns:getExchangeRatesByCurrency_XmlStringSoapOut"/>
    </wsdl:operation>
    <wsdl:operation name="getExchangeRatesByDate">
      <wsdl:documentation>Returns a list containing exchange rates for the specified date.</wsdl:documentation>
      <wsdl:input message="tns:getExchangeRatesByDateSoapIn"/>
      <wsdl:output message="tns:getExchangeRatesByDateSoapOut"/>
    </wsdl:operation>
    <wsdl:operation name="getExchangeRatesXmlSchema">
      <wsdl:documentation>Returns a Xml Schema of provided Exchange Rates.</wsdl:documentation>
      <wsdl:input message="tns:getExchangeRatesXmlSchemaSoapIn"/>
      <wsdl:output message="tns:getExchangeRatesXmlSchemaSoapOut"/>
    </wsdl:operation>
    <wsdl:operation name="getExchangeRatesByCurrency">
      <wsdl:documentation>Returns a list containing exchange rates for the specified currency that are between specified dates.</wsdl:documentation>
      <wsdl:input message="tns:getExchangeRatesByCurrencySoapIn"/>
      <wsdl:output message="tns:getExchangeRatesByCurrencySoapOut"/>
    </wsdl:operation>
    <wsdl:operation name="getExchangeAvgRate">
      <wsdl:documentation>Returns a average exchange rate for the specified currency, between specified dates.</wsdl:documentation>
      <wsdl:input message="tns:getExchangeAvgRateSoapIn"/>
      <wsdl:output message="tns:getExchangeAvgRateSoapOut"/>
    </wsdl:operation>
  </wsdl:portType>
  <wsdl:portType name="ExchangeRatesHttpGet">
    <wsdl:operation name="getListOfCurrencies">
      <wsdl:documentation>Returns a list of currencies.</wsdl:documentation>
      <wsdl:input message="tns:getListOfCurrenciesHttpGetIn"/>
      <wsdl:output message="tns:getListOfCurrenciesHttpGetOut"/>
    </wsdl:operation>
    <wsdl:operation name="getCurrentExchangeRate">
      <wsdl:documentation>Returns the current exchange rate (expressed in Litas per 1 currency unit) for the specified currency.</wsdl:documentation>
      <wsdl:input message="tns:getCurrentExchangeRateHttpGetIn"/>
      <wsdl:output message="tns:getCurrentExchangeRateHttpGetOut"/>
    </wsdl:operation>
    <wsdl:operation name="getExchangeRate">
      <wsdl:documentation>Returns an exchange rate (expressed in Litas per 1 currency unit) for the specified currency and date.</wsdl:documentation>
      <wsdl:input message="tns:getExchangeRateHttpGetIn"/>
      <wsdl:output message="tns:getExchangeRateHttpGetOut"/>
    </wsdl:operation>
    <wsdl:operation name="getExchangeRatesByDate_XmlString">
      <wsdl:documentation>Returns a XML formatted string containing exchange rates for the specified date.</wsdl:documentation>
      <wsdl:input message="tns:getExchangeRatesByDate_XmlStringHttpGetIn"/>
      <wsdl:output message="tns:getExchangeRatesByDate_XmlStringHttpGetOut"/>
    </wsdl:operation>
    <wsdl:operation name="getExchangeRatesByCurrency_XmlString">
      <wsdl:documentation>Returns a XML formatted string containing exchange rates for the specified currency that are between specified dates.</wsdl:documentation>
      <wsdl:input message="tns:getExchangeRatesByCurrency_XmlStringHttpGetIn"/>
      <wsdl:output message="tns:getExchangeRatesByCurrency_XmlStringHttpGetOut"/>
    </wsdl:operation>
    <wsdl:operation name="getExchangeRatesByDate">
      <wsdl:documentation>Returns a list containing exchange rates for the specified date.</wsdl:documentation>
      <wsdl:input message="tns:getExchangeRatesByDateHttpGetIn"/>
      <wsdl:output message="tns:getExchangeRatesByDateHttpGetOut"/>
    </wsdl:operation>
    <wsdl:operation name="getExchangeRatesXmlSchema">
      <wsdl:documentation>Returns a Xml Schema of provided Exchange Rates.</wsdl:documentation>
      <wsdl:input message="tns:getExchangeRatesXmlSchemaHttpGetIn"/>
      <wsdl:output message="tns:getExchangeRatesXmlSchemaHttpGetOut"/>
    </wsdl:operation>
    <wsdl:operation name="getExchangeRatesByCurrency">
      <wsdl:documentation>Returns a list containing exchange rates for the specified currency that are between specified dates.</wsdl:documentation>
      <wsdl:input message="tns:getExchangeRatesByCurrencyHttpGetIn"/>
      <wsdl:output message="tns:getExchangeRatesByCurrencyHttpGetOut"/>
    </wsdl:operation>
    <wsdl:operation name="getExchangeAvgRate">
      <wsdl:documentation>Returns a average exchange rate for the specified currency, between specified dates.</wsdl:documentation>
      <wsdl:input message="tns:getExchangeAvgRateHttpGetIn"/>
      <wsdl:output message="tns:getExchangeAvgRateHttpGetOut"/>
    </wsdl:operation>
  </wsdl:portType>
  <wsdl:portType name="ExchangeRatesHttpPost">
    <wsdl:operation name="getListOfCurrencies">
      <wsdl:documentation>Returns a list of currencies.</wsdl:documentation>
      <wsdl:input message="tns:getListOfCurrenciesHttpPostIn"/>
      <wsdl:output message="tns:getListOfCurrenciesHttpPostOut"/>
    </wsdl:operation>
    <wsdl:operation name="getCurrentExchangeRate">
      <wsdl:documentation>Returns the current exchange rate (expressed in Litas per 1 currency unit) for the specified currency.</wsdl:documentation>
      <wsdl:input message="tns:getCurrentExchangeRateHttpPostIn"/>
      <wsdl:output message="tns:getCurrentExchangeRateHttpPostOut"/>
    </wsdl:operation>
    <wsdl:operation name="getExchangeRate">
      <wsdl:documentation>Returns an exchange rate (expressed in Litas per 1 currency unit) for the specified currency and date.</wsdl:documentation>
      <wsdl:input message="tns:getExchangeRateHttpPostIn"/>
      <wsdl:output message="tns:getExchangeRateHttpPostOut"/>
    </wsdl:operation>
    <wsdl:operation name="getExchangeRatesByDate_XmlString">
      <wsdl:documentation>Returns a XML formatted string containing exchange rates for the specified date.</wsdl:documentation>
      <wsdl:input message="tns:getExchangeRatesByDate_XmlStringHttpPostIn"/>
      <wsdl:output message="tns:getExchangeRatesByDate_XmlStringHttpPostOut"/>
    </wsdl:operation>
    <wsdl:operation name="getExchangeRatesByCurrency_XmlString">
      <wsdl:documentation>Returns a XML formatted string containing exchange rates for the specified currency that are between specified dates.</wsdl:documentation>
      <wsdl:input message="tns:getExchangeRatesByCurrency_XmlStringHttpPostIn"/>
      <wsdl:output message="tns:getExchangeRatesByCurrency_XmlStringHttpPostOut"/>
    </wsdl:operation>
    <wsdl:operation name="getExchangeRatesByDate">
      <wsdl:documentation>Returns a list containing exchange rates for the specified date.</wsdl:documentation>
      <wsdl:input message="tns:getExchangeRatesByDateHttpPostIn"/>
      <wsdl:output message="tns:getExchangeRatesByDateHttpPostOut"/>
    </wsdl:operation>
    <wsdl:operation name="getExchangeRatesXmlSchema">
      <wsdl:documentation>Returns a Xml Schema of provided Exchange Rates.</wsdl:documentation>
      <wsdl:input message="tns:getExchangeRatesXmlSchemaHttpPostIn"/>
      <wsdl:output message="tns:getExchangeRatesXmlSchemaHttpPostOut"/>
    </wsdl:operation>
    <wsdl:operation name="getExchangeRatesByCurrency">
      <wsdl:documentation>Returns a list containing exchange rates for the specified currency that are between specified dates.</wsdl:documentation>
      <wsdl:input message="tns:getExchangeRatesByCurrencyHttpPostIn"/>
      <wsdl:output message="tns:getExchangeRatesByCurrencyHttpPostOut"/>
    </wsdl:operation>
    <wsdl:operation name="getExchangeAvgRate">
      <wsdl:documentation>Returns a average exchange rate for the specified currency, between specified dates.</wsdl:documentation>
      <wsdl:input message="tns:getExchangeAvgRateHttpPostIn"/>
      <wsdl:output message="tns:getExchangeAvgRateHttpPostOut"/>
    </wsdl:operation>
  </wsdl:portType>
  <wsdl:binding name="ExchangeRatesSoap" type="tns:ExchangeRatesSoap">
    <soap:binding transport="http://schemas.xmlsoap.org/soap/http"/>
    <wsdl:operation name="getListOfCurrencies">
      <soap:operation soapAction="http://webservices.lb.lt/ExchangeRates/getListOfCurrencies" style="document"/>
      <wsdl:input>
        <soap:body use="literal"/>
      </wsdl:input>
      <wsdl:output>
        <soap:body use="literal"/>
      </wsdl:output>
    </wsdl:operation>
    <wsdl:operation name="getCurrentExchangeRate">
      <soap:operation soapAction="http://webservices.lb.lt/ExchangeRates/getCurrentExchangeRate" style="document"/>
      <wsdl:input>
        <soap:body use="literal"/>
      </wsdl:input>
      <wsdl:output>
        <soap:body use="literal"/>
      </wsdl:output>
    </wsdl:operation>
    <wsdl:operation name="getExchangeRate">
      <soap:operation soapAction="http://webservices.lb.lt/ExchangeRates/getExchangeRate" style="document"/>
      <wsdl:input>
        <soap:body use="literal"/>
      </wsdl:input>
      <wsdl:output>
        <soap:body use="literal"/>
      </wsdl:output>
    </wsdl:operation>
    <wsdl:operation name="getExchangeRatesByDate_XmlString">
      <soap:operation soapAction="http://webservices.lb.lt/ExchangeRates/getExchangeRatesByDate_XmlString" style="document"/>
      <wsdl:input>
        <soap:body use="literal"/>
      </wsdl:input>
      <wsdl:output>
        <soap:body use="literal"/>
      </wsdl:output>
    </wsdl:operation>
    <wsdl:operation name="getExchangeRatesByCurrency_XmlString">
      <soap:operation soapAction="http://webservices.lb.lt/ExchangeRates/getExchangeRatesByCurrency_XmlString" style="document"/>
      <wsdl:input>
        <soap:body use="literal"/>
      </wsdl:input>
      <wsdl:output>
        <soap:body use="literal"/>
      </wsdl:output>
    </wsdl:operation>
    <wsdl:operation name="getExchangeRatesByDate">
      <soap:operation soapAction="http://webservices.lb.lt/ExchangeRates/getExchangeRatesByDate" style="document"/>
      <wsdl:input>
        <soap:body use="literal"/>
      </wsdl:input>
      <wsdl:output>
        <soap:body use="literal"/>
      </wsdl:output>
    </wsdl:operation>
    <wsdl:operation name="getExchangeRatesXmlSchema">
      <soap:operation soapAction="http://webservices.lb.lt/ExchangeRates/getExchangeRatesXmlSchema" style="document"/>
      <wsdl:input>
        <soap:body use="literal"/>
      </wsdl:input>
      <wsdl:output>
        <soap:body use="literal"/>
      </wsdl:output>
    </wsdl:operation>
    <wsdl:operation name="getExchangeRatesByCurrency">
      <soap:operation soapAction="http://webservices.lb.lt/ExchangeRates/getExchangeRatesByCurrency" style="document"/>
      <wsdl:input>
        <soap:body use="literal"/>
      </wsdl:input>
      <wsdl:output>
        <soap:body use="literal"/>
      </wsdl:output>
    </wsdl:operation>
    <wsdl:operation name="getExchangeAvgRate">
      <soap:operation soapAction="http://webservices.lb.lt/ExchangeRates/getExchangeAvgRate" style="document"/>
      <wsdl:input>
        <soap:body use="literal"/>
      </wsdl:input>
      <wsdl:output>
        <soap:body use="literal"/>
      </wsdl:output>
    </wsdl:operation>
  </wsdl:binding>
  <wsdl:binding name="ExchangeRatesSoap12" type="tns:ExchangeRatesSoap">
    <soap12:binding transport="http://schemas.xmlsoap.org/soap/http"/>
    <wsdl:operation name="getListOfCurrencies">
      <soap12:operation soapAction="http://webservices.lb.lt/ExchangeRates/getListOfCurrencies" style="document"/>
      <wsdl:input>
        <soap12:body use="literal"/>
      </wsdl:input>
      <wsdl:output>
        <soap12:body use="literal"/>
      </wsdl:output>
    </wsdl:operation>
    <wsdl:operation name="getCurrentExchangeRate">
      <soap12:operation soapAction="http://webservices.lb.lt/ExchangeRates/getCurrentExchangeRate" style="document"/>
      <wsdl:input>
        <soap12:body use="literal"/>
      </wsdl:input>
      <wsdl:output>
        <soap12:body use="literal"/>
      </wsdl:output>
    </wsdl:operation>
    <wsdl:operation name="getExchangeRate">
      <soap12:operation soapAction="http://webservices.lb.lt/ExchangeRates/getExchangeRate" style="document"/>
      <wsdl:input>
        <soap12:body use="literal"/>
      </wsdl:input>
      <wsdl:output>
        <soap12:body use="literal"/>
      </wsdl:output>
    </wsdl:operation>
    <wsdl:operation name="getExchangeRatesByDate_XmlString">
      <soap12:operation soapAction="http://webservices.lb.lt/ExchangeRates/getExchangeRatesByDate_XmlString" style="document"/>
      <wsdl:input>
        <soap12:body use="literal"/>
      </wsdl:input>
      <wsdl:output>
        <soap12:body use="literal"/>
      </wsdl:output>
    </wsdl:operation>
    <wsdl:operation name="getExchangeRatesByCurrency_XmlString">
      <soap12:operation soapAction="http://webservices.lb.lt/ExchangeRates/getExchangeRatesByCurrency_XmlString" style="document"/>
      <wsdl:input>
        <soap12:body use="literal"/>
      </wsdl:input>
      <wsdl:output>
        <soap12:body use="literal"/>
      </wsdl:output>
    </wsdl:operation>
    <wsdl:operation name="getExchangeRatesByDate">
      <soap12:operation soapAction="http://webservices.lb.lt/ExchangeRates/getExchangeRatesByDate" style="document"/>
      <wsdl:input>
        <soap12:body use="literal"/>
      </wsdl:input>
      <wsdl:output>
        <soap12:body use="literal"/>
      </wsdl:output>
    </wsdl:operation>
    <wsdl:operation name="getExchangeRatesXmlSchema">
      <soap12:operation soapAction="http://webservices.lb.lt/ExchangeRates/getExchangeRatesXmlSchema" style="document"/>
      <wsdl:input>
        <soap12:body use="literal"/>
      </wsdl:input>
      <wsdl:output>
        <soap12:body use="literal"/>
      </wsdl:output>
    </wsdl:operation>
    <wsdl:operation name="getExchangeRatesByCurrency">
      <soap12:operation soapAction="http://webservices.lb.lt/ExchangeRates/getExchangeRatesByCurrency" style="document"/>
      <wsdl:input>
        <soap12:body use="literal"/>
      </wsdl:input>
      <wsdl:output>
        <soap12:body use="literal"/>
      </wsdl:output>
    </wsdl:operation>
    <wsdl:operation name="getExchangeAvgRate">
      <soap12:operation soapAction="http://webservices.lb.lt/ExchangeRates/getExchangeAvgRate" style="document"/>
      <wsdl:input>
        <soap12:body use="literal"/>
      </wsdl:input>
      <wsdl:output>
        <soap12:body use="literal"/>
      </wsdl:output>
    </wsdl:operation>
  </wsdl:binding>
  <wsdl:binding name="ExchangeRatesHttpGet" type="tns:ExchangeRatesHttpGet">
    <http:binding verb="GET"/>
    <wsdl:operation name="getListOfCurrencies">
      <http:operation location="/getListOfCurrencies"/>
      <wsdl:input>
        <http:urlEncoded/>
      </wsdl:input>
      <wsdl:output>
        <mime:content part="Body" type="text/xml"/>
      </wsdl:output>
    </wsdl:operation>
    <wsdl:operation name="getCurrentExchangeRate">
      <http:operation location="/getCurrentExchangeRate"/>
      <wsdl:input>
        <http:urlEncoded/>
      </wsdl:input>
      <wsdl:output>
        <mime:mimeXml part="Body"/>
      </wsdl:output>
    </wsdl:operation>
    <wsdl:operation name="getExchangeRate">
      <http:operation location="/getExchangeRate"/>
      <wsdl:input>
        <http:urlEncoded/>
      </wsdl:input>
      <wsdl:output>
        <mime:mimeXml part="Body"/>
      </wsdl:output>
    </wsdl:operation>
    <wsdl:operation name="getExchangeRatesByDate_XmlString">
      <http:operation location="/getExchangeRatesByDate_XmlString"/>
      <wsdl:input>
        <http:urlEncoded/>
      </wsdl:input>
      <wsdl:output>
        <mime:mimeXml part="Body"/>
      </wsdl:output>
    </wsdl:operation>
    <wsdl:operation name="getExchangeRatesByCurrency_XmlString">
      <http:operation location="/getExchangeRatesByCurrency_XmlString"/>
      <wsdl:input>
        <http:urlEncoded/>
      </wsdl:input>
      <wsdl:output>
        <mime:mimeXml part="Body"/>
      </wsdl:output>
    </wsdl:operation>
    <wsdl:operation name="getExchangeRatesByDate">
      <http:operation location="/getExchangeRatesByDate"/>
      <wsdl:input>
        <http:urlEncoded/>
      </wsdl:input>
      <wsdl:output>
        <mime:content part="Body" type="text/xml"/>
      </wsdl:output>
    </wsdl:operation>
    <wsdl:operation name="getExchangeRatesXmlSchema">
      <http:operation location="/getExchangeRatesXmlSchema"/>
      <wsdl:input>
        <http:urlEncoded/>
      </wsdl:input>
      <wsdl:output>
        <mime:mimeXml part="Body"/>
      </wsdl:output>
    </wsdl:operation>
    <wsdl:operation name="getExchangeRatesByCurrency">
      <http:operation location="/getExchangeRatesByCurrency"/>
      <wsdl:input>
        <http:urlEncoded/>
      </wsdl:input>
      <wsdl:output>
        <mime:content part="Body" type="text/xml"/>
      </wsdl:output>
    </wsdl:operation>
    <wsdl:operation name="getExchangeAvgRate">
      <http:operation location="/getExchangeAvgRate"/>
      <wsdl:input>
        <http:urlEncoded/>
      </wsdl:input>
      <wsdl:output>
        <mime:content part="Body" type="text/xml"/>
      </wsdl:output>
    </wsdl:operation>
  </wsdl:binding>
  <wsdl:binding name="ExchangeRatesHttpPost" type="tns:ExchangeRatesHttpPost">
    <http:binding verb="POST"/>
    <wsdl:operation name="getListOfCurrencies">
      <http:operation location="/getListOfCurrencies"/>
      <wsdl:input>
        <mime:content type="application/x-www-form-urlencoded"/>
      </wsdl:input>
      <wsdl:output>
        <mime:content part="Body" type="text/xml"/>
      </wsdl:output>
    </wsdl:operation>
    <wsdl:operation name="getCurrentExchangeRate">
      <http:operation location="/getCurrentExchangeRate"/>
      <wsdl:input>
        <mime:content type="application/x-www-form-urlencoded"/>
      </wsdl:input>
      <wsdl:output>
        <mime:mimeXml part="Body"/>
      </wsdl:output>
    </wsdl:operation>
    <wsdl:operation name="getExchangeRate">
      <http:operation location="/getExchangeRate"/>
      <wsdl:input>
        <mime:content type="application/x-www-form-urlencoded"/>
      </wsdl:input>
      <wsdl:output>
        <mime:mimeXml part="Body"/>
      </wsdl:output>
    </wsdl:operation>
    <wsdl:operation name="getExchangeRatesByDate_XmlString">
      <http:operation location="/getExchangeRatesByDate_XmlString"/>
      <wsdl:input>
        <mime:content type="application/x-www-form-urlencoded"/>
      </wsdl:input>
      <wsdl:output>
        <mime:mimeXml part="Body"/>
      </wsdl:output>
    </wsdl:operation>
    <wsdl:operation name="getExchangeRatesByCurrency_XmlString">
      <http:operation location="/getExchangeRatesByCurrency_XmlString"/>
      <wsdl:input>
        <mime:content type="application/x-www-form-urlencoded"/>
      </wsdl:input>
      <wsdl:output>
        <mime:mimeXml part="Body"/>
      </wsdl:output>
    </wsdl:operation>
    <wsdl:operation name="getExchangeRatesByDate">
      <http:operation location="/getExchangeRatesByDate"/>
      <wsdl:input>
        <mime:content type="application/x-www-form-urlencoded"/>
      </wsdl:input>
      <wsdl:output>
        <mime:content part="Body" type="text/xml"/>
      </wsdl:output>
    </wsdl:operation>
    <wsdl:operation name="getExchangeRatesXmlSchema">
      <http:operation location="/getExchangeRatesXmlSchema"/>
      <wsdl:input>
        <mime:content type="application/x-www-form-urlencoded"/>
      </wsdl:input>
      <wsdl:output>
        <mime:mimeXml part="Body"/>
      </wsdl:output>
    </wsdl:operation>
    <wsdl:operation name="getExchangeRatesByCurrency">
      <http:operation location="/getExchangeRatesByCurrency"/>
      <wsdl:input>
        <mime:content type="application/x-www-form-urlencoded"/>
      </wsdl:input>
      <wsdl:output>
        <mime:content part="Body" type="text/xml"/>
      </wsdl:output>
    </wsdl:operation>
    <wsdl:operation name="getExchangeAvgRate">
      <http:operation location="/getExchangeAvgRate"/>
      <wsdl:input>
        <mime:content type="application/x-www-form-urlencoded"/>
      </wsdl:input>
      <wsdl:output>
        <mime:content part="Body" type="text/xml"/>
      </wsdl:output>
    </wsdl:operation>
  </wsdl:binding>
  <wsdl:service name="ExchangeRates">
    <wsdl:documentation>WebService provides official (established by Bank of Lithuania) exchange rates of the Litas against Foreign Currencies.</wsdl:documentation>
    <wsdl:port name="ExchangeRatesSoap" binding="tns:ExchangeRatesSoap">
      <soap:address location="https://old.lb.lt/webservices/ExchangeRates/ExchangeRates.asmx"/>
    </wsdl:port>
    <wsdl:port name="ExchangeRatesSoap12" binding="tns:ExchangeRatesSoap12">
      <soap12:address location="https://old.lb.lt/webservices/ExchangeRates/ExchangeRates.asmx"/>
    </wsdl:port>
    <wsdl:port name="ExchangeRatesHttpGet" binding="tns:ExchangeRatesHttpGet">
      <http:address location="https://old.lb.lt/webservices/ExchangeRates/ExchangeRates.asmx"/>
    </wsdl:port>
    <wsdl:port name="ExchangeRatesHttpPost" binding="tns:ExchangeRatesHttpPost">
      <http:address location="https://old.lb.lt/webservices/ExchangeRates/ExchangeRates.asmx"/>
    </wsdl:port>
  </wsdl:service>
</wsdl:definitions>]]></con:content><con:type>http://schemas.xmlsoap.org/wsdl/</con:type></con:part></con:definitionCache><con:endpoints><con:endpoint>https://old.lb.lt/webservices/ExchangeRates/ExchangeRates.asmx</con:endpoint></con:endpoints><con:operation id="1d42e78f-0406-4ed2-8b44-911a12a53c6d" isOneWay="false" action="http://webservices.lb.lt/ExchangeRates/getCurrentExchangeRate" name="getCurrentExchangeRate" bindingOperationName="getCurrentExchangeRate" type="Request-Response" inputName="" receivesAttachments="false" sendsAttachments="false" anonymous="optional"><con:settings/><con:call id="d257c415-5b6e-4e1b-bae2-2e2f6251b046" name="Request 1"><con:settings/><con:encoding>UTF-8</con:encoding><con:endpoint>https://old.lb.lt/webservices/ExchangeRates/ExchangeRates.asmx</con:endpoint><con:request><![CDATA[<soap:Envelope xmlns:soap="http://www.w3.org/2003/05/soap-envelope" xmlns:exc="http://webservices.lb.lt/ExchangeRates">\r
   <soap:Header/>\r
   <soap:Body>\r
      <exc:getCurrentExchangeRate>\r
         <!--Optional:-->\r
         <exc:Currency>?</exc:Currency>\r
      </exc:getCurrentExchangeRate>\r
   </soap:Body>\r
</soap:Envelope>]]></con:request><con:wsaConfig mustUnderstand="NONE" version="200508" action="http://webservices.lb.lt/ExchangeRates/ExchangeRatesSoap/getCurrentExchangeRateRequest"/></con:call></con:operation><con:operation id="440936db-5fa1-4e0c-a059-7a7bf6206fa7" isOneWay="false" action="http://webservices.lb.lt/ExchangeRates/getExchangeAvgRate" name="getExchangeAvgRate" bindingOperationName="getExchangeAvgRate" type="Request-Response" inputName="" receivesAttachments="false" sendsAttachments="false" anonymous="optional"><con:settings/><con:call id="d1dc1d4e-90aa-48d6-a0ee-627953264957" name="Request 1"><con:settings/><con:encoding>UTF-8</con:encoding><con:endpoint>https://old.lb.lt/webservices/ExchangeRates/ExchangeRates.asmx</con:endpoint><con:request><![CDATA[<soap:Envelope xmlns:soap="http://www.w3.org/2003/05/soap-envelope" xmlns:exc="http://webservices.lb.lt/ExchangeRates">\r
   <soap:Header/>\r
   <soap:Body>\r
      <exc:getExchangeAvgRate>\r
         <!--Optional:-->\r
         <exc:Currency>?</exc:Currency>\r
         <!--Optional:-->\r
         <exc:DateLow>?</exc:DateLow>\r
         <!--Optional:-->\r
         <exc:DateHigh>?</exc:DateHigh>\r
      </exc:getExchangeAvgRate>\r
   </soap:Body>\r
</soap:Envelope>]]></con:request><con:wsaConfig mustUnderstand="NONE" version="200508" action="http://webservices.lb.lt/ExchangeRates/ExchangeRatesSoap/getExchangeAvgRateRequest"/></con:call></con:operation><con:operation id="6072ffbe-9fda-471f-94f3-dcd16b248d02" isOneWay="false" action="http://webservices.lb.lt/ExchangeRates/getExchangeRate" name="getExchangeRate" bindingOperationName="getExchangeRate" type="Request-Response" inputName="" receivesAttachments="false" sendsAttachments="false" anonymous="optional"><con:settings/><con:call id="b2927b18-b281-4cb1-8c9c-2c56c7bc508a" name="Request 1"><con:settings/><con:encoding>UTF-8</con:encoding><con:endpoint>https://old.lb.lt/webservices/ExchangeRates/ExchangeRates.asmx</con:endpoint><con:request><![CDATA[<soap:Envelope xmlns:soap="http://www.w3.org/2003/05/soap-envelope" xmlns:exc="http://webservices.lb.lt/ExchangeRates">\r
   <soap:Header/>\r
   <soap:Body>\r
      <exc:getExchangeRate>\r
         <!--Optional:-->\r
         <exc:Currency>?</exc:Currency>\r
         <!--Optional:-->\r
         <exc:Date>?</exc:Date>\r
      </exc:getExchangeRate>\r
   </soap:Body>\r
</soap:Envelope>]]></con:request><con:wsaConfig mustUnderstand="NONE" version="200508" action="http://webservices.lb.lt/ExchangeRates/ExchangeRatesSoap/getExchangeRateRequest"/></con:call></con:operation><con:operation id="1ba409d6-c444-46b3-b2bf-33f797768ab5" isOneWay="false" action="http://webservices.lb.lt/ExchangeRates/getExchangeRatesByCurrency" name="getExchangeRatesByCurrency" bindingOperationName="getExchangeRatesByCurrency" type="Request-Response" inputName="" receivesAttachments="false" sendsAttachments="false" anonymous="optional"><con:settings/><con:call id="90a4a3bc-01a0-4dcb-9efd-cd0cdfa536a2" name="Request 1"><con:settings/><con:encoding>UTF-8</con:encoding><con:endpoint>https://old.lb.lt/webservices/ExchangeRates/ExchangeRates.asmx</con:endpoint><con:request><![CDATA[<soap:Envelope xmlns:soap="http://www.w3.org/2003/05/soap-envelope" xmlns:exc="http://webservices.lb.lt/ExchangeRates">\r
   <soap:Header/>\r
   <soap:Body>\r
      <exc:getExchangeRatesByCurrency>\r
         <!--Optional:-->\r
         <exc:Currency>?</exc:Currency>\r
         <!--Optional:-->\r
         <exc:DateLow>?</exc:DateLow>\r
         <!--Optional:-->\r
         <exc:DateHigh>?</exc:DateHigh>\r
      </exc:getExchangeRatesByCurrency>\r
   </soap:Body>\r
</soap:Envelope>]]></con:request><con:credentials><con:authType>No Authorization</con:authType></con:credentials><con:jmsConfig JMSDeliveryMode="PERSISTENT"/><con:jmsPropertyConfig/><con:wsaConfig mustUnderstand="NONE" version="200508" action="http://webservices.lb.lt/ExchangeRates/ExchangeRatesSoap/getExchangeRatesByCurrencyRequest"/><con:wsrmConfig version="1.2"/></con:call></con:operation><con:operation id="5094165d-3ec7-4140-a7ec-c463b8050d3f" isOneWay="false" action="http://webservices.lb.lt/ExchangeRates/getExchangeRatesByCurrency_XmlString" name="getExchangeRatesByCurrency_XmlString" bindingOperationName="getExchangeRatesByCurrency_XmlString" type="Request-Response" inputName="" receivesAttachments="false" sendsAttachments="false" anonymous="optional"><con:settings/><con:call id="4d119329-72d6-49a4-8fc9-6d53c6ffe862" name="Request 1"><con:settings/><con:encoding>UTF-8</con:encoding><con:endpoint>https://old.lb.lt/webservices/ExchangeRates/ExchangeRates.asmx</con:endpoint><con:request><![CDATA[<soap:Envelope xmlns:soap="http://www.w3.org/2003/05/soap-envelope" xmlns:exc="http://webservices.lb.lt/ExchangeRates">\r
   <soap:Header/>\r
   <soap:Body>\r
      <exc:getExchangeRatesByCurrency_XmlString>\r
         <!--Optional:-->\r
         <exc:Currency>?</exc:Currency>\r
         <!--Optional:-->\r
         <exc:DateLow>?</exc:DateLow>\r
         <!--Optional:-->\r
         <exc:DateHigh>?</exc:DateHigh>\r
      </exc:getExchangeRatesByCurrency_XmlString>\r
   </soap:Body>\r
</soap:Envelope>]]></con:request><con:credentials><con:authType>No Authorization</con:authType></con:credentials><con:jmsConfig JMSDeliveryMode="PERSISTENT"/><con:jmsPropertyConfig/><con:wsaConfig mustUnderstand="NONE" version="200508" action="http://webservices.lb.lt/ExchangeRates/ExchangeRatesSoap/getExchangeRatesByCurrency_XmlStringRequest"/><con:wsrmConfig version="1.2"/></con:call></con:operation><con:operation id="0e9ae6dd-0d79-4e7e-9291-00e234e9b7f9" isOneWay="false" action="http://webservices.lb.lt/ExchangeRates/getExchangeRatesByDate" name="getExchangeRatesByDate" bindingOperationName="getExchangeRatesByDate" type="Request-Response" inputName="" receivesAttachments="false" sendsAttachments="false" anonymous="optional"><con:settings/><con:call id="660aabd3-035c-4289-b978-986e1e32d606" name="Request 1"><con:settings/><con:encoding>UTF-8</con:encoding><con:endpoint>https://old.lb.lt/webservices/ExchangeRates/ExchangeRates.asmx</con:endpoint><con:request><![CDATA[<soap:Envelope xmlns:soap="http://www.w3.org/2003/05/soap-envelope" xmlns:exc="http://webservices.lb.lt/ExchangeRates">\r
   <soap:Header/>\r
   <soap:Body>\r
      <exc:getExchangeRatesByDate>\r
         <!--Optional:-->\r
         <exc:Date>?</exc:Date>\r
      </exc:getExchangeRatesByDate>\r
   </soap:Body>\r
</soap:Envelope>]]></con:request><con:wsaConfig mustUnderstand="NONE" version="200508" action="http://webservices.lb.lt/ExchangeRates/ExchangeRatesSoap/getExchangeRatesByDateRequest"/></con:call></con:operation><con:operation id="594898ef-55b2-496f-a3ca-fd2070abd2b7" isOneWay="false" action="http://webservices.lb.lt/ExchangeRates/getExchangeRatesByDate_XmlString" name="getExchangeRatesByDate_XmlString" bindingOperationName="getExchangeRatesByDate_XmlString" type="Request-Response" inputName="" receivesAttachments="false" sendsAttachments="false" anonymous="optional"><con:settings/><con:call id="586b8ccf-79c6-4958-b65c-567fe9e19668" name="Request 1"><con:settings/><con:encoding>UTF-8</con:encoding><con:endpoint>https://old.lb.lt/webservices/ExchangeRates/ExchangeRates.asmx</con:endpoint><con:request><![CDATA[<soap:Envelope xmlns:soap="http://www.w3.org/2003/05/soap-envelope" xmlns:exc="http://webservices.lb.lt/ExchangeRates">\r
   <soap:Header/>\r
   <soap:Body>\r
      <exc:getExchangeRatesByDate_XmlString>\r
         <!--Optional:-->\r
         <exc:Date>?</exc:Date>\r
      </exc:getExchangeRatesByDate_XmlString>\r
   </soap:Body>\r
</soap:Envelope>]]></con:request><con:wsaConfig mustUnderstand="NONE" version="200508" action="http://webservices.lb.lt/ExchangeRates/ExchangeRatesSoap/getExchangeRatesByDate_XmlStringRequest"/></con:call></con:operation><con:operation id="b85d9cd6-6649-44a2-bcff-33059f59825c" isOneWay="false" action="http://webservices.lb.lt/ExchangeRates/getExchangeRatesXmlSchema" name="getExchangeRatesXmlSchema" bindingOperationName="getExchangeRatesXmlSchema" type="Request-Response" inputName="" receivesAttachments="false" sendsAttachments="false" anonymous="optional"><con:settings/><con:call id="47fe7640-5cd7-45a2-a20d-59de2778ceb0" name="Request 1"><con:settings/><con:encoding>UTF-8</con:encoding><con:endpoint>https://old.lb.lt/webservices/ExchangeRates/ExchangeRates.asmx</con:endpoint><con:request><![CDATA[<soap:Envelope xmlns:soap="http://www.w3.org/2003/05/soap-envelope" xmlns:exc="http://webservices.lb.lt/ExchangeRates">\r
   <soap:Header/>\r
   <soap:Body>\r
      <exc:getExchangeRatesXmlSchema/>\r
   </soap:Body>\r
</soap:Envelope>]]></con:request><con:wsaConfig mustUnderstand="NONE" version="200508" action="http://webservices.lb.lt/ExchangeRates/ExchangeRatesSoap/getExchangeRatesXmlSchemaRequest"/></con:call></con:operation><con:operation id="39875b46-3cc7-4845-892c-4b1d015218a7" isOneWay="false" action="http://webservices.lb.lt/ExchangeRates/getListOfCurrencies" name="getListOfCurrencies" bindingOperationName="getListOfCurrencies" type="Request-Response" inputName="" receivesAttachments="false" sendsAttachments="false" anonymous="optional"><con:settings/><con:call id="b85c828e-6a85-488a-8214-8886223c9ff1" name="Request 1"><con:settings><con:setting id="com.eviware.soapui.impl.wsdl.WsdlRequest@request-headers">&lt;xml-fragment/></con:setting></con:settings><con:encoding>UTF-8</con:encoding><con:endpoint>https://old.lb.lt/webservices/ExchangeRates/ExchangeRates.asmx</con:endpoint><con:request><![CDATA[<soap:Envelope xmlns:soap="http://www.w3.org/2003/05/soap-envelope" xmlns:exc="http://webservices.lb.lt/ExchangeRates">\r
   <soap:Header/>\r
   <soap:Body>\r
      <exc:getListOfCurrencies/>\r
   </soap:Body>\r
</soap:Envelope>]]></con:request><con:credentials><con:authType>No Authorization</con:authType></con:credentials><con:jmsConfig JMSDeliveryMode="PERSISTENT"/><con:jmsPropertyConfig/><con:wsaConfig mustUnderstand="NONE" version="200508" action="http://webservices.lb.lt/ExchangeRates/ExchangeRatesSoap/getListOfCurrenciesRequest"/><con:wsrmConfig version="1.2"/></con:call></con:operation></con:interface><con:testSuite id="e4ef85f4-aecb-4eed-9439-a6dd1401857d" name="TS_Currency"><con:settings/><con:runType>SEQUENTIAL</con:runType><con:testCase id="874ef1b4-73e2-408e-923b-64112908ad37" failOnError="true" failTestCaseOnErrors="true" keepSession="false" maxResults="0" name="TC_CurrencyConversion" searchProperties="true"><con:settings/><con:testStep type="groovy" name="DataDriver" id="555df4ed-38fe-4275-9f0e-bba4295ac6c5"><con:settings/><con:config><script>// IMPORT THE LIBRARIES WE NEED
 
import com.eviware.soapui.support.XmlHolder
import jxl.*
import jxl.write.*
 
// DECLARE THE VARIABLES
 
def myTestCase = context.testCase //myTestCase contains the test case
 
def counter,next,previous,size //Variables used to handle the loop and to move inside the file
 
Workbook workbook1 = Workbook.getWorkbook(new File("C:\\Users\\sanjay\\Desktop\\groovey\\Currency.xlsx")) //file containing the data
 
Sheet sheet1 = workbook1.getSheet(0) //save the first sheet in sheet1

size = sheet1.getRows().toInteger() //get the number of rows, each row is a data set
 
propTestStep = myTestCase.getTestStepByName("Property Looper") // get the Property TestStep object
 
propTestStep.setPropertyValue("Total", size.toString())
 
counter = propTestStep.getPropertyValue("Count").toString() //counter variable contains iteration number
 
counter = counter.toInteger() //
 
next = (counter &amp;gt; size-2? 0: counter+1) //set the next value
 
// OBTAINING THE DATA YOU NEED
 
Cell a = sheet1.getCell(0,counter) // getCell(column,row) //obtains Amount To Convert
Cell cf = sheet1.getCell(1,counter) // obtains Currency From
Cell ct = sheet1.getCell(2,counter) // obtains Currency To
Cell er = sheet1.getCell(3,counter) // obtains Exchange Rate
 
workbook1.close() //close the file
 
////////////////////////////////////
 
amntToConv = a.getContents()
currFrom = cf.getContents()
currTo = ct.getContents()
exRt = er.getContents()
 
propTestStep.setPropertyValue("Amount", amntToConv) //the value is saved in the property
propTestStep.setPropertyValue("currencyFrom", currFrom) //the value is saved in the property
propTestStep.setPropertyValue("currencyTo", currTo) //the value is saved in the property
propTestStep.setPropertyValue("exchangeRate", exRt) //the value is saved in the property

propTestStep.setPropertyValue("Count", next.toString()) //increase Count value
 
next++ //increase next value
 
propTestStep.setPropertyValue("Next", next.toString()) //set Next value on the properties step
 
//Decide if the test has to be run again or not
 
if (counter == size-1){
	propTestStep.setPropertyValue("StopLoop", "T")
	log.info "Setting the stoploop property now..."
}
else if (counter==0){
 	def runner = new com.eviware.soapui.impl.wsdl.testcase.WsdlTestCaseRunner(testRunner.testCase, null)
	propTestStep.setPropertyValue("StopLoop", "F")
}
else{ 
	propTestStep.setPropertyValue("StopLoop", "F")
 }</script></con:config></con:testStep><con:testStep type="properties" name="Property Looper" id="6dd8b2d7-6cdc-4f5b-93ef-cb2e7389d361"><con:settings/><con:config xsi:type="con:PropertiesStep" saveFirst="true" xmlns:xsi="http://www.w3.org/2001/XMLSchema-instance"><con:target>C:/Users/sanjay/Desktop/groovey/myconfig</con:target><con:properties><con:property><con:name>Amount</con:name><con:value/></con:property><con:property><con:name>currencyFrom</con:name><con:value/></con:property><con:property><con:name>currencyTo</con:name><con:value/></con:property><con:property><con:name>exchangeRate</con:name><con:value/></con:property><con:property><con:name>Count</con:name><con:value>0</con:value></con:property><con:property><con:name>Total</con:name><con:value/></con:property><con:property><con:name>Next</con:name><con:value/></con:property><con:property><con:name>StopLoop</con:name><con:value/></con:property></con:properties></con:config></con:testStep><con:testStep type="request" name="SOAP Request" id="0f30a7b4-c85c-4f5f-89f9-c7c588b71d07"><con:settings/><con:config xsi:type="con:RequestStep" xmlns:xsi="http://www.w3.org/2001/XMLSchema-instance"><con:interface>ExchangeRatesSoap</con:interface><con:operation>getExchangeRate</con:operation><con:request name="SOAP Request" id="1ec8948e-e65d-4733-a7d7-9d368a769f6b"><con:settings><con:setting id="com.eviware.soapui.impl.wsdl.WsdlRequest@request-headers">&lt;xml-fragment/></con:setting></con:settings><con:encoding>UTF-8</con:encoding><con:endpoint>https://old.lb.lt/webservices/ExchangeRates/ExchangeRates.asmx</con:endpoint><con:request><![CDATA[<soapenv:Envelope xmlns:soapenv="http://schemas.xmlsoap.org/soap/envelope/" xmlns:exc="http://webservices.lb.lt/ExchangeRates">\r
   <soapenv:Header/>\r
   <soapenv:Body>\r
      <exc:getExchangeRate/>\r
   </soapenv:Body>\r
</soapenv:Envelope>]]></con:request><con:assertion type="SOAP Response" id="1209d66a-cbdc-4f03-9578-3fc5612a037d"/><con:credentials><con:authType>No Authorization</con:authType></con:credentials><con:jmsConfig JMSDeliveryMode="PERSISTENT"/><con:jmsPropertyConfig/><con:wsaConfig mustUnderstand="NONE" version="200508"/><con:wsrmConfig version="1.2"/></con:request></con:config></con:testStep><con:testStep type="groovy" name="Loop" id="40d4491f-ae8d-4681-b76e-da351da141cc"><con:settings/><con:config><script>def myTestCase = context.testCase
 
def runner
 
propTestStep = myTestCase.getTestStepByName("Property Looper") // get the Property TestStep
 
endLoop = propTestStep.getPropertyValue("StopLoop").toString()
 
if (endLoop.toString() == "T" || endLoop.toString()=="True" || endLoop.toString()=="true") {
	log.info ("Exit Groovy Data Source Looper")
	assert true
} 
else{
	testRunner.gotoStepByName("data driver") //setStartStep
}</script></con:config></con:testStep><con:properties/></con:testCase><con:properties/></con:testSuite><con:properties/><con:wssContainer/><con:oAuth2ProfileContainer/><con:oAuth1ProfileContainer/></con:soapui-project>